
1, Luceafarul, 1, Eminescu, Mihai, M, 13/1/1813, CLASICA, 13/2/1850, Litera, 20/4/2000, 12/12/2005, Poezii, 2
2, Morometii, 2, Cosbuc, George, F, 12/9/1800, POSTBELICA, 24/3/1861, Paralela, 13/1/2005, 14/3/2003, Fabule, 1
2, Morometii, 2, Cosbuc, George, F, 12/9/1800, POSTBELICA, 24/3/1861, Paralela, 13/1/2005, 14/3/2003, Fabule, 1
1, Luceafarul, 1, Eminescu, Mihai, M, 13/1/1813, CLASICA, 13/2/1850, Litera, 20/4/2000, 12/12/2005, Carti poezii, 2
1, Luceafarul, 1, Eminescu, Mihai, M, 13/1/1813, CLASICA, 13/2/1850, Litera, 20/4/2000, 12/12/2005, Carti poezii, 2
1, Luceafarul, 1, Eminescu, Mihai, M, 13/1/1813, CLASICA, 13/2/1850, Litera, 20/4/2000, 12/12/2005, Carti poezii, 2
1, Luceafarul, 1, Eminescu, Mihai, M, 13/1/1813, CLASICA, 13/2/1850, Litera, 20/4/2000, 12/12/2005, Carti poezii, 2
1, Luceafarul, 1, Eminescu, Mihai, M, 13/1/1813, CLASICA, 13/2/1850, Litera, 20/4/2000, 12/12/2005, Carti poezii, 2
1, Luceafarul, 1, Eminescu, Mihai, M, 13/1/1813, CLASICA, 13/2/1850, Litera, 20/4/2000, 12/12/2005, Carti poezii, 2
1, Luceafarul, 1, Eminescu, Mihai, M, 13/1/1813, CLASICA, 13/2/1850, Litera, 20/4/2000, 12/12/2005, Carti poezii, 2
1, Luceafarul, 1, Eminescu, Mihai, M, 13/1/1813, CLASICA, 13/2/1850, Litera, 20/4/2000, 12/12/2005, Carti poezii, 2
1, Luceafarul, 1, Eminescu, Mihai, M, 13/1/1813, CLASICA, 13/2/1850, 1, Litera, 20/4/2000, 12/12/2005, Carti poezii, 2
1, Luceafarul, 1, Eminescu, Mihai, M, 13/1/1813, CLASICA, 13/2/1850, 1, Litera, 20/4/2000, 12/12/2005, Carti poezii, 2
1, Luceafarul, 1, Eminescu, Mihai, M, 13/1/1813, CLASICA, 13/2/1850, 1, Litera, 20/4/2000, 12/12/2005, Carti poezii, 2
1, Luceafarul, 1, Eminescu, Mihai, M, 13/1/1813, CLASICA, 13/2/1850, 1, Litera, 20/4/2000, 12/12/2005, Carti poezii, 2
1, Luceafarul, 1, Eminescu, Mihai, M, 13/1/1813, CLASICA, 13/2/1850, 1, Litera, 20/4/2000, 12/12/2005, Carti poezii, 2
1, Luceafarul, 1, Eminescu, Mihai, M, 13/1/1813, CLASICA, 13/2/1850, 1, Litera, 20/4/2000, 12/12/2005, Carti poezii, 2
1, Luceafarul, 1, Eminescu, Mihai, M, 13/1/1813, CLASICA, 13/2/1850, 1, Litera, 20/4/2000, 12/12/2005, Carti poezii, 2
1, Luceafarul, 1, Eminescu, Mihai, M, 13/1/1813, CLASICA, 13/2/1850, 1, Litera, 20/4/2000, 12/12/2005, Carti poezii, 2
