
1, 1, Vasilescu, Laurentu, M, 13/12/2005, 1, Luceafarul, 1, Eminescu, Mihai, M, 13/1/1813, CLASICA, 13/2/1850, Litera, 20/4/2000, 12/12/2005, Carti poezii, 2
1, 1, Vasilescu, Laurentu, M, 13/12/2005, 1, Luceafarul, 1, Eminescu, Mihai, M, 13/1/1813, CLASICA, 13/2/1850, Litera, 20/4/2000, 12/12/2005, Carti poezii, 2
1, 1, Vasilescu, Laurentu, M, 13/12/2005, 1, Luceafarul, 1, Eminescu, Mihai, M, 13/1/1813, CLASICA, 13/2/1850, 1, Litera, 20/4/2000, 12/12/2005, Carti poezii, 2
1, 1, Vasilescu, Laurentu, M, 13/12/2005, 1, Luceafarul, 1, Eminescu, Mihai, M, 13/1/1813, CLASICA, 13/2/1850, 1, Litera, 20/4/2000, 12/12/2005, Carti poezii, 2
